"Binomial","X1988","X1989","X1990","X1991","X1992","X1993","X1994","X1995","X1996","X1997","X1998","X1999","X2000","X2001","X2002","X2003","X2004","X2005","X2006","X2007","X2008","X2009","X2010","X2011","X2012","global_abundance","max_growth_rate","Body.Mass.gram."
"Accipiter nisus",0.000179258050167653,0.0306449245232111,0.0320367956572819,0.0189076037616341,0.0012578522691456,-0.00490836209803065,-0.0066226256853451,-0.00764867919037529,-0.0087178454191426,-0.0089400193554241,-0.00858968202005073,-0.00852075099847715,-0.00584347523387377,-0.00699040304530462,-0.0147248473680876,-0.0217351035970297,-0.0153164635803298,0.0277521015421546,-0.000962103961464255,-0.00038953028557108,-0.0101048173002502,-0.0076171298020075,0.0098596135504648,-0.00901806503581315,-0.00678283971463634,18706083,0.0320367956572819,238
"Acridotheres tristis",NA,NA,NA,0.0621656909212462,0.0622521761506241,0.062022824755672,0.0611272497850954,0.0430128667857455,0.0417166606894478,0.0393073656543725,0.0346965685644393,0.0271973778824957,0.017717381320254,0.0087959928566681,0.00295575860087083,0.000723974152300633,0.000338530318871766,-0.000429079073641536,-0.00215885166961538,-0.00362772522257981,NA,NA,NA,NA,NA,59142818,0.0622521761506241,113
"Anthus cervinus",-0.0592055580877214,-0.0592055580877213,-0.0592055580877214,-0.0592055580877214,-0.0592055580877214,-0.0592055580877215,-0.0592055580877214,-0.0592055580877214,-0.0592055580877215,-0.0592055580877214,-0.0592055580877214,-0.0592055580877214,-0.0592055580877215,-0.0592055580877213,NA,NA,NA,NA,NA,NA,NA,NA,NA,NA,NA,26285626,-0.0592055580877213,20.9
"Anthus pratensis",-0.00587157059152615,-0.0048308370865382,-0.00728520562076901,-0.0130587175906179,-0.0134148085465974,-0.0208464245823926,-0.023340093878659,-0.044355227544448,-0.0482901254712587,-0.0478203235268155,-0.0435838705783676,-0.0404149584967627,-0.0208400431275101,-0.0334486214210495,-0.0420425272861509,0.00560663101118841,-0.0881378624498347,-0.0466568689281875,-0.0464367973324156,-0.0113004572730217,-0.00755408038284666,-0.00899061358264593,-0.0121763283873159,-0.00966526428357128,0.00573281118002411,245281141,0.00573281118002411,18.4
"Anthus spinoletta",NA,NA,NA,-0.0163756942353206,-0.0163756942352151,-0.016375694235008,-0.0163756942347315,-0.0163756942344258,-0.0163756942341236,-0.0163756942338458,-0.0163756942335932,-0.0163756942333457,0.0339725957334794,0.0101735563959744,-0.121077368738666,-0.0396863543205547,0.02302810163635,-0.0336852213465649,-0.0308343800089594,-0.0288664687730653,-0.0267179668837658,-0.0227912626228419,-0.016436581730348,-0.00853238187111993,-0.000784998156236061,14704144,0.0339725957334794,23.9
"Anthus trivialis",-0.0415038309810479,-0.0873487055933742,-0.0776628092995287,-0.0211174370186258,0.0284811525497595,0.0424360745257014,0.0438753425947675,-0.0144742169070166,0.0119558534558288,0.00924532252688486,0.00502727812590764,0.00608044161679812,0.00778906864283199,0.0090033075892493,0.0101666231975277,0.0192275651008732,0.0507375029437938,0.0463485114771505,0.0109111583353185,-0.0812946236664407,-0.0878824637543574,-0.0398765606826521,0.00666189383203779,0.00876668427334017,-0.0142804370621357,28396612,0.0507375029437938,23.4
"Archilochus colubris",0.0102465819267987,0.0101714140685835,0.0100476904471271,0.0100087274455841,0.0101508660430049,0.0104827247021749,0.0108967824476301,0.01121869293456,0.0113172079618374,0.011175546215251,0.0108615578343055,0.0104492978059218,0.00999004887229229,0.00955677999031675,0.00929035407464561,0.00936199102842979,0.00984023795678878,0.0105526002563985,0.0110865400452657,0.011005719684461,0.0101639102331049,0.00884558404698898,0.00756574665442831,0.00669034187530973,0.00624042701971881,38146029,0.0113172079618374,3.1
"Ardea intermedia",NA,NA,-0.522878745280338,0.967815316628599,-0.240816588692336,-0.367976785294594,NA,NA,NA,NA,NA,NA,NA,NA,NA,0.0257983865764717,0.0257326401706348,0.0254509874781714,0.0247726946458098,0.0236671505272494,0.0222107038180916,0.273737094399748,0.0356814738682275,0.0353551720126354,-0.0810332509092184,24656085,0.967815316628599,600
"Asio flammeus",-0.0428769143001445,0.0919650657240793,-0.0999620422127148,-0.0555988210114317,0.0405739825062411,-0.0135165824394626,0.21031332189889,-0.0614069407738762,0.0612357921930326,0.00134220422479126,-0.103465894551951,0.0298416047624926,0.0208567491974748,-0.0973017975346247,-0.100248205516766,0.045771735123762,-0.0165959896418105,0.0923272285427824,0.0941734595696756,-0.0460218094309271,-0.0896779716347252,0.146074443753327,-0.10068780807301,0.225980584221902,-0.173492015909765,15555269,0.225980584221902,378
"Aythya affinis",-0.00474502391573144,-0.00930468023520058,-0.0120439056581621,-0.0122312172629363,-0.00796653945231889,0.000612802801347711,0.00862935855665796,0.00974249824879712,0.00256545940625679,-0.00777195570439254,-0.0151580376678252,-0.0181736170579855,-0.0189066771280951,-0.020024506987762,-0.0121021626806176,0.00279380800495451,0.0172937233085964,0.0211185566558412,0.0122102831668626,-2.13833148605499e-05,-0.00428236819890658,0.00129465086551502,0.00915824929462106,0.012111259003812,0.0100398044653793,25895447,0.0211185566558412,820
"Aythya fuligula",0.00305754946265939,0.126335674476685,0.0658348884063041,-0.0316282322806258,0.0280522068285694,-0.0979288615615044,0.066420206224132,-0.0197920059799642,-0.0949855031631275,-0.0595235043312331,-0.0461765374074031,0.0544919952195013,0.0427450750658808,-0.0214504232059448,0.0979688017869701,-0.073552933976417,0.126465163892439,-0.23271052787187,0.371611554268752,-0.361119488418224,0.339654100781584,0.0869583267924966,0.0611063681306494,-0.480134632729204,-0.991916635993832,35898153,0.371611554268752,702
"Aythya marila",0.0512059158469001,0.0694723538379344,-0.0225412157522395,0.041876188156645,0.0755295078346636,-0.0280837351996967,-0.076893268824612,-0.0103773706480039,-0.0383759749307486,-0.112233772449354,0.0388246902473376,-0.0775113646868234,0.07087141296857,0.000193475956894767,0.0803517578889713,0.040682082063041,0.0768195615370985,0.0931566440036802,0.060978435763203,0.0285322835045907,0.0422533395862577,-0.0448248634573879,-0.0422872965529626,-0.153803860638858,-0.122647076232768,23833080,0.0931566440036802,1007
"Aythya nyroca",-0.049328086656978,-0.05480898517442,-0.05480898517442,-0.071267366772449,-0.152839650229447,-0.116967120971443,-0.102247969497502,-0.118488310039535,-0.0998308726587434,-0.0672139372998912,-0.074245001610805,-0.0545263515150183,0.037821226170552,-0.0227758832657161,-0.0545263515150183,0.012113751626007,0.332134092944558,0.33213409294518,0.332134092946181,0.332134092947097,0.332134092947604,0.332134092947716,0.332134092947675,NA,NA,34714594,0.332134092947716,574
"Baeolophus bicolor",0.0379725380102722,0.0379725380100755,0.0379725380098943,0.0379725380097304,0.037972538009587,0.0379725380094738,0.0379725380093952,0.0379725380093565,0.0379725380093578,0.0379725380093898,0.0379725380094489,0.0379725380095213,0.0379725380096008,0.0379725380096807,0.0379725380097611,0.0379725380098301,0.037972538009891,0.0379725380099496,0.0379725380100071,0.0379725380100628,0.0379725380101132,0.0379725380101543,0.0379725380101863,0.0379725380102083,0.0379725380102123,19693129,0.0379725380102722,21.6
"Branta bernicla",0.0337188932051351,0.027825805849819,0.0132599689717189,-0.005857599502599,-0.0316323137665941,-0.0312234392138158,-0.044567581205796,-0.0258772276482819,0.00446042746594645,0.0189795787344998,-0.0503803561168413,-0.0658716744164515,-0.086497109044096,-0.0461719143548383,-0.0380536297604786,-0.0316750686775807,-0.0314032389740549,0.058309386007723,0.00902295177161897,0.00594864976840011,-0.00971248236190198,-0.0283198341733396,0.000118060454804336,-0.00642356251100473,-0.0318451814695457,14746507,0.058309386007723,1300
"Bubulcus ibis",0.117552714419345,0.098017154959253,0.0737294464581042,-0.00112553661895,0.083098827895842,0.0792692316647723,0.117485240837647,0.0870796179674096,0.14238547655882,0.0676691449039845,0.122306516278097,-0.00837491327289448,0.122142438108026,0.0126674418678075,0.0245409008161737,-0.00510937134536501,0.061016588403996,0.0335722053113908,0.0450964393380743,0.0488489228155529,0.0823439143553099,0.0298005627873078,0.0570441391620752,0.336345874635842,0.237657474461403,166208709,0.336345874635842,366
"Calcarius lapponicus",0.269619065146947,-0.294652365291615,0.155379400889263,0.101723014185351,-0.0250333001446676,-0.0250333001446676,-0.0250333001446676,-0.0250333001446676,-0.00572220216597541,-0.00318846819353025,0.00127998139947194,0.00646036367328306,0.011851233670668,0.00589434606381204,0.00709149667447356,0.0110172334318828,0.0141493935003314,0.0157404350617514,0.0159009806734116,0.0154241129797249,-0.0132315380206463,0.236224011132915,-0.264353272447338,-0.043167754554747,0.321417171135244,154820347,0.321417171135244,27.9
"Calidris canutus",-0.00554589806452613,-0.000205633340412501,0.0122101639246626,-0.00733798145276753,0.00762801324249234,0.0680499179361052,-0.0360347053461728,0.00764403442972591,-0.00476516065577019,-0.0137300088090196,-0.0326457175731765,-0.0338343334020623,-0.0146289731420745,-0.0338284672850521,-0.00907486581499837,-0.00691787236456975,-0.0416489032457336,-0.0491371310875114,-0.00728579696565861,-0.00775024779241546,-0.00137773304581968,-0.00967602071978939,0.00999946799337035,-0.0130300739154892,-0.0306820420248951,62640390,0.0680499179361052,142
"Calidris minuta",0.00899111062297451,0.00878216605548514,-0.0621380919320774,0.0810586218927837,-0.0527561645119135,0.114962013274603,-0.0493677922312898,-0.0583236485792387,0.164370290873463,-0.0455157565017614,0.12428130359973,-0.0191138104181963,0.0424114417911613,-0.0134441441279514,0.0414643971076769,-0.0878215331570943,0.0367893241817455,0.0316851234626323,-0.0351357639524907,-0.0648465064090006,-0.0629275101146765,-0.0487809878801456,0.175097517167541,-0.0238140451084896,0.0313013809937872,79994541,0.175097517167541,21.1
"Calidris pusilla",-0.0061188821505286,0.0125422955973175,0.00613504919725591,-0.0701481393727394,-0.0179967739777168,-0.017996773977717,-0.0125249270786559,-0.259393695308992,0.0373942968647484,0.0373942968647483,-0.0125249270786562,-0.0125249270786562,-0.0125249270786556,-0.0125249270786559,-0.0125249270786559,-0.0125249270786559,-0.0125249270786559,0.00096506175688602,-0.0125249270786559,-0.0125249270786559,-0.0125249270786559,-0.0967420690082482,-0.0967420690082482,0.702206490028495,NA,78862750,0.702206490028495,27.5
"Calidris ruficollis",-0.0576053518948099,-0.0198742992627366,-0.0530347138799707,-0.0246133893779753,-0.0064081324434802,-0.0286005713008006,0.0131912143482846,-0.0346379359306706,-0.020148734206384,-0.0201114013826293,-0.00577366944975034,-0.024000206513311,-0.0131482588424837,-0.0109497073652541,0.0181086022388702,-0.00559925659333706,-0.00185974915381191,-0.00394539102313846,-0.021706916836186,-0.012386417003721,-0.03128185459673,-0.0514764315601124,-0.00466573707502448,-0.0302816290011515,-0.0241077221286087,42947992,0.0181086022388702,26.8
"Calidris temminckii",-0.954242509439325,0.439332693830263,-0.740362689494244,NA,-0.0232510691453709,-0.0232510691453705,-0.0232510691453709,-0.0232510691453705,-0.0232510691453709,-0.0232510691453705,-0.0232510691453709,-0.0232510691453705,-0.0232510691453705,NA,-0.532707440604373,0.158460027066144,-0.0654148812099,-0.0654148812106534,-0.0654148812112109,-0.0654148812115097,-0.0654148812116175,NA,NA,NA,NA,19909642,0.439332693830263,23
"Callipepla californica",0.0258649431713889,0.0258649431716491,0.025864943171668,0.0258649431714571,0.0258649431710538,0.0258649431704717,0.025864943169702,0.0258649431687736,0.0258649431677749,0.025864943166833,0.0258649431660438,0.0258649431654246,0.0258649431649096,0.0258649431644049,0.0258649431638777,0.0258649431633771,0.0258649431629714,0.025864943162659,0.025864943162362,0.0258649431620135,0.0258649431616136,0.0258649431612126,0.0258649431608594,0.0258649431605973,0.0258649431604634,10265045,0.025864943171668,163
"Cardinalis cardinalis",0.0149360829494822,0.00862803192419806,0.0745784929210479,0.111333022115291,0.0744318199248722,0.238794203383215,0.0578049068393954,0.0277037066179856,0.0152224247094235,0.0208524847646559,0.0283048006916959,0.0269146830925409,0.0182675359396041,0.0113294956237302,0.0127443649303854,0.0211481750500647,0.0393906716750237,0.0444725599679948,0.0393308482616375,0.0279583160482604,0.0194043696411796,0.0185677851351376,0.0233651106649536,0.0302966376957403,0.0387687623323892,204034397,0.238794203383215,42.7
"Carduelis carduelis",0.03444031086149,0.0447037862620704,0.024012051968843,-0.0791197365814839,-0.0865952628000366,-0.0579740862401371,0.0708244715603468,0.0562569962865552,0.15434900375554,0.103951428817827,0.0456027038113985,0.0227292787193726,-0.0073115101587148,0.00318628802415579,0.0125310346664477,-0.00840453071235626,-0.0493546534752476,-0.0644939175575423,-0.0386835161242416,-0.0100653275051189,0.00455878822504251,0.00314097381696322,-0.00530190785342523,-0.0115656227037386,-0.00844584727209684,45952282,0.15434900375554,16
"Cathartes aura",0.0243663567107205,0.0249546611572823,0.0252065285657815,0.0253152619427857,0.0255984170362136,0.0258686803853492,0.0258009594094023,0.025518567855349,0.0254213578575991,0.0256263108962057,0.0259162389557912,0.026133854271562,0.026311778846557,0.0264509185250915,0.026462827762638,0.0263578721517761,0.0262373776361776,0.0260407103640628,0.0255435553675004,0.0247379252644148,0.0240476822675921,0.0240328398553495,0.024975684004108,0.0267909581468562,0.0291061306221545,70786507,0.0291061306221545,1552
"Catharus guttatus",0.00355331110609788,0.00268537949976747,0.00103282258806715,0.000466837268328875,0.00176417837532622,0.00333114806764786,0.00328487722837563,0.00218470956097133,0.00216548846195259,0.00347312741064468,0.00378322329034309,0.00175589884060022,-0.0005339007249802,-0.000413320327116144,0.00134850067478005,0.00166916439519479,9.52466162610761e-06,-0.000606621442267937,0.00170201191855941,0.00446258533549802,0.00438076319207849,0.00234275743421327,0.00200395189014912,0.00397204380410249,0.00470633378611664,73129157,0.00470633378611664,30.1
"Catharus ustulatus",-0.00586033552014809,-0.00624279120370957,-0.00559755694202125,-0.00413587013368633,-0.00287440725930105,-0.00255236365978314,-0.00278420826997524,-0.00279259597168681,-0.00261587114278256,-0.00285974451427001,-0.00344283759863493,-0.00353177200411052,-0.00290909807043983,-0.00245884535129524,-0.0027011807329435,-0.00260612601531612,-0.000834102080212266,0.00214614522978421,0.00421597573937193,0.00402868744754425,0.00244175850626694,0.00118325963081854,0.000786891225424061,0.000433486388643637,-0.000587576767912554,301610196,0.00421597573937193,30.3
"Certhia americana",0.0137813406849306,0.0135636964209308,0.0129141050671355,0.0122225257184928,0.011585179748892,0.0107210891073247,0.00943933889870201,0.00801492957490976,0.00701103667012626,0.00682994995882248,0.00749057439952016,0.00870099450953282,0.0100152647987395,0.0110178781426528,0.0115539320980971,0.0118182990083899,0.0121198444857438,0.0125307722370855,0.0128293679435204,0.0127659870053463,0.0122700093432849,0.0113848002768518,0.0101540073600928,0.00868610447708348,0.00725550723286991,11257984,0.0137813406849306,8.1
"Ceryle rudis",NA,NA,NA,NA,NA,NA,-0.0155121661782478,-0.0432290785786532,-0.0371074845409253,0.105520257281364,0.0462405115593728,0.0839180412716588,0.30597255226501,0.383111109180271,0.344883274413542,0.234139930659514,0.115497292355001,0.0304647813303625,-0.013641695093277,-0.0294480790848799,-0.0326723034001883,-0.0330371388486288,NA,NA,NA,17777106,0.383111109180271,84.4
"Chaetura pelagica",-0.018064593770884,-0.0180642431174016,-0.0180614667338516,-0.0180572633176153,-0.0180489674627526,-0.0180339849530261,-0.018014129642014,-0.0179950956488504,-0.0179815322237654,-0.0179731745111132,-0.0179652789430621,-0.0179518429998898,-0.0179291781484874,-0.0178985445495103,-0.0178658444443618,-0.0178368356226382,-0.0178113938688144,-0.017783766086689,-0.0177497320429122,-0.0177122844329987,-0.0176787879088255,-0.0176540490126082,-0.0176386113571785,-0.0176324830983996,-0.0176360287996375,17068138,-0.0176324830983996,23.6
"Charadrius alexandrinus",-0.0187734194069865,-0.00298859043319355,0.000977397746821993,0.0124100892740181,0.00120916469744329,0.0380268050010399,0.05196957602289,-0.0255704080139367,-0.0237719514833701,-0.044497256886766,-0.00136199376919049,-0.0526043875799721,-0.0220953363776921,-0.0188024475209521,-0.0132032759099953,0.00562816472810761,0.0279690291567568,-0.0221755293785952,-0.0119591351473117,0.0729343784702065,-0.033510185971347,-0.0432826907926882,0.0215889952447072,0.0441637396549589,0.0445361011497902,44604910,0.0729343784702065,42.3
"Charadrius dubius",0.0359767908101135,0.0474327301938215,0.0384002747554595,0.384799867331107,-0.29619519626798,0.387356963590438,-0.0426660740352632,0.0649125826715386,-0.286533661651156,0.0288308546255462,-0.105500538180345,0.00522147950443314,0.0184197428582331,-0.0119084150622906,-0.0947364228315807,-0.0583840050803829,-0.0121717779334984,0.00564735231068464,0.0406062853899761,NA,NA,NA,NA,NA,NA,32579923,0.387356963590438,38.7
"Charadrius hiaticula",0.0309292546145116,0.0365503630941081,0.0368469701523104,0.0345681332249777,0.0252277038391827,0.055309531884325,0.00343603695972121,-0.0334889603703497,-0.0280112708780413,-0.00407811907560637,-0.0367517730461811,0.0161343753598398,0.0674123756001157,0.0172636608302678,0.00184335216863591,0.0444118370001331,0.0238891589071097,0.00724164381711768,-0.040532576867109,-0.159875551418367,-0.0566409736492635,-0.00608577830375134,0.0708819351729419,0.130913763296096,0.125430178515008,35155029,0.130913763296096,64.1
"Charadrius leschenaultii",-0.0137306503341346,-0.0137306503341343,-0.0137306503341346,-0.190070337546029,-0.190070337546028,-0.0548675429389483,-0.037439695261032,-0.0441353038936137,0.00756070006079703,0.00555255336716631,-0.0417501011298321,-0.096593686688338,-0.0290426188733922,-0.0199372493120233,-0.00242631897169736,-0.00584123177260055,0.00939644871968357,0.018933672656781,-0.00359497397365136,-0.0525384752024254,-0.0377531796520687,-0.0394093215319484,0.0402821082345899,0.0107593151773191,-0.0496161848340783,25542686,0.0402821082345899,74.8
"Charadrius ruficapillus",-0.0282005623103672,-0.0282005623103672,-0.0282005623103672,-0.0282005623103672,-0.0282005623103672,-0.0282005623103672,-0.0282005623103672,-0.0282005623103672,-0.0282005623103672,-0.0282005623103672,-0.0282005623103672,-0.0282005623103672,0.0739243609879028,0.0846731566973165,0.0190303270363172,0.219068208240095,-0.122864983948517,0.0578749918578068,0.122224664827178,-0.00663261792668474,-0.149273178086601,0.568201724066995,-0.267171728403014,NA,NA,11335158,0.568201724066995,37.4
"Charadrius semipalmatus",NA,NA,NA,NA,0.32749803325788,0.327498033257881,0.160727905854725,0.0727302018764506,-0.00579534191179243,0.121014160074942,-0.0479870983682438,0.0817368791150724,0.0986804504573313,0.062687147680355,0.0399082381985618,-0.0178727216706939,-0.0889520192564681,-0.0700962848153277,NA,NA,NA,NA,NA,0.129981399727681,NA,37778520,0.327498033257881,46.8
"Charadrius vociferus",-0.0075115220005364,-0.012968952134973,-0.0197888555317187,-0.0126055955918918,-0.00993276703979749,0.00167484581580674,-0.00149230032607017,-0.0162666875396413,-0.0234487724143532,-0.011103895853147,-0.00351101041084677,-0.0118614356208055,-0.0296440788797274,-0.0304866481706169,-0.031123446815725,-0.0163190252538956,-0.0184669381460652,-0.0125219839844129,-0.00497439207828753,-0.00681124040588931,-0.0212594940181528,-0.023553826391191,-0.01028836623175,-0.00913186760450184,-0.00350492495869432,24346920,0.00167484581580674,96.6
"Chlidonias hybrida",0.0714880027255205,0.132665705623835,-0.043690326911021,0.0875123365032457,0.0519946063437585,0.0519946063437584,0.0519946063437584,0.0759381491905615,0.0759381491905615,0.129480650564478,-0.0134916545814289,-0.0585170172981231,0.0329509679323271,0.136599504438638,0.0585381540919002,-0.16675712213993,-0.0601090428325309,0.0650123661320325,0.00957492805968964,-0.0285446941449566,-0.120117725624919,-0.00799777924843115,-0.00895771494965403,-0.00618616868409605,-0.00206376188082302,55424118,0.136599504438638,83.9
"Chlidonias niger",-0.00948537100794492,0.119421932093739,-0.121853948991872,0.0221700861288452,-0.00695823826299411,-0.00445339550595406,0.00256203459403868,0.00368699876566339,-0.000924838014229783,0.0187178358693376,-0.0655248325641221,-0.0303262428543964,-0.026290389281883,-0.0193165038547121,-0.011175227848053,-0.00617296731872587,-0.00855242863572549,-0.0160730570387933,-0.0220527591181906,-0.0224566935156842,-0.0188170857548507,-0.014614767834049,-0.0112884867988318,-0.00852581712218371,-0.00646516708866541,26164458,0.119421932093739,65.3
"Chondestes grammacus",0.0101550806651135,0.00993304274692499,0.00920697489584661,0.00820534119114931,0.00736671602444792,-0.00987823575731326,0.00776227794627099,0.00816894887946198,0.00871740866796028,0.00947086031380612,0.0104675927201544,0.0115149475634593,0.0123043383924203,0.0126643123401034,0.0126139616988701,0.0122238143530344,0.0115623789202623,0.0107938783543883,0.0101830495893208,0.00988864180999285,0.00979774515707851,0.00966276093354591,0.00939960572333905,0.00917466673516587,0.00917974183643787,22828388,0.0126643123401034,29
"Chordeiles minor",-0.0115771058862224,-0.012646602098688,-0.0134813108169526,-0.0141633785405576,-0.0145621456623658,-0.00464165753251084,-0.0161004672555566,-0.0155338097838331,-0.0147851129732755,-0.0139434962548999,-0.0130709037208963,-0.012286956231893,-0.0117908420692678,-0.0117089309935171,-0.011942079060289,-0.0122637740562191,-0.0125856814387242,-0.0130207663070865,-0.0136170744308852,-0.0141199286086726,-0.0141366294835038,-0.0135494438463248,-0.0126722948928126,-0.0119629755328211,-0.011640695106355,8819444,-0.00464165753251084,79.3
"Ciconia ciconia",0.0253272702843145,0.0257710361190344,0.0203881144941476,0.027131072399806,0.0369732500810006,0.042248684611496,0.0329096276687715,0.0173269082700509,0.0168820545347925,-0.0167296396971261,0.023389894567961,0.0235386025623823,0.0357299007988814,0.0130608069126511,0.0245040223747483,0.00971608600989147,0.00871275829079197,0.00178818716488349,0.0353709308115952,0.0130434735540808,0.0198349396066715,-0.00395647072501162,-0.0200540142934244,-0.00236155471868538,-0.00239660430454225,24808762,0.042248684611496,3448
"Circus aeruginosus",0.0566759244800827,0.0505774509772074,0.0627792007423733,0.0129722625383173,0.0884937907000053,0.0421862682914756,0.0425270563216066,0.0271477709028729,0.0266270943084013,0.0288830294072547,0.0315696138465293,0.0358915360606518,0.0263914145859125,0.0207353828785849,0.0169511163139052,0.0172501347165902,0.0165549369102197,0.0179040062057226,0.0206717417943178,0.0255414266636002,0.026101224288639,0.00918326987641127,0.00663420677440085,0.00964957475233541,0.0176926842369953,14846934,0.0884937907000053,712
"Cisticola juncidis",0.0422173319811937,0.110678172347136,0.158226333950634,0.181232526409346,0.181165768286918,0.175394514596794,0.11141974346561,0.0489354583598468,0.016395155466531,0.00860158703997167,0.0136828046797215,0.0175857665963877,0.020639127008223,0.012407753547899,0.00137764616143209,-0.00295610313900455,-0.00298061031680617,0.00657904234245651,0.0216931699247309,0.0643181529208306,0.0103407713920203,0.0112292791215342,0.0120638739433438,0.0128775712150792,0.013644532390435,22628787,0.181232526409346,6.9
"Cistothorus platensis",0.0324781189549703,0.0377223621232618,0.0326525725673225,0.016690931656921,-0.00592361915875399,-0.0264331699475197,-0.0353578775656848,-0.0287372546668106,-0.0121999742479807,0.00174096344719903,0.00273694726160689,-0.0088100324076492,-0.0216266050614809,-0.023065538578683,-0.0100846883578379,0.00838544340488069,0.0195357280990219,0.0171550362040974,0.00522159743467972,-0.00695210794478882,-0.0122250681532636,-0.00968955839713564,-0.00365365841024322,0.000437154527537287,8.96443386287638e-06,16789354,0.0377223621232618,8.5
"Contopus virens",-0.0121068990354152,-0.0119591556172323,-0.0117054905192525,-0.0114453850158739,-0.0113158407155342,-0.0114268891502676,-0.0117610703598791,-0.0121534832413473,-0.0124006789338615,-0.012408302244645,-0.0122454579788626,-0.012069614191479,-0.0119950723466878,-0.0120026714598595,-0.0119572763830698,-0.0117405006134127,-0.0113978546967516,-0.0111271309194007,-0.0110661444071843,-0.0111011107444839,-0.0109532222504635,-0.0104753937603988,-0.00980829520681172,-0.00921927774689601,-0.00885174644832709,10790876,-0.00885174644832709,13.9
"Corvus corone",0.0070864894460021,0.00563324128953346,0.00269609323918352,-0.000591212831365207,-0.00322421040243426,-0.00485426696359714,-0.00554019192986532,-0.00529838368953728,-0.00416001428573476,0.0192126844215884,0.0159957875413112,0.0186550939489127,0.00939503489061644,0.00399663545858586,0.00268807326360143,0.00846865197933261,0.0113433637169336,0.0109827993823619,0.0101480246066008,0.00898760557661179,0.00802237729523497,0.00774379933095334,0.0081150895844727,0.00859994727071495,0.00874612170703443,44906864,0.0192126844215884,570
"Corvus monedula",0.0036849562277399,0.00745552465753141,0.00960880483810726,0.0102816565517994,0.00956802972215135,0.0075880435404807,0.00486757511769801,0.0026143117993717,0.00202778032915478,0.00299154978055549,0.00402894114158414,-0.0017534348491659,-0.00201068502214818,-0.00206651042796535,-0.00192037970624659,0.0100149649203575,0.0101647195635387,0.0103236170779486,0.0104913061056428,0.0106606721620267,0.0108294856763608,0.0110063375173814,0.0111900667603766,0.0113558559422299,0.0114755189374633,184949422,0.0114755189374633,279
"Crotophaga ani",0.0460897842756547,0.0460897842756547,0.0460897842756549,0.0460897842756547,0.0460897842756549,0.043341821992789,0.043341821992789,0.043341821992789,0.0433418219927892,0.043341821992789,NA,NA,NA,NA,NA,NA,NA,0.954242509439325,NA,NA,NA,NA,NA,NA,1,21133340,1,111
"Cygnus atratus",0.170531793837239,0.116728225276356,0.041738998646661,0.117211600674488,0.235836733716463,0.212224501036063,0.0651681391087653,-0.0425847031024857,-0.0685194154155635,-0.132234961736033,-0.291982846321533,-0.422858923860512,-0.381532649959918,-0.121184264951926,-0.0361990168873036,0.000115803035316109,-0.0430329176410025,-0.0430329176398501,-0.0430329176387199,-0.0430329176380511,NA,NA,NA,NA,NA,32603918,0.235836733716463,5650
"Cygnus columbianus",0.106391683906475,0.0260733449311157,0.0366410082167329,0.0290301033646394,0.00230913687687625,-0.00241992778720508,-0.0141902938274763,-0.0391102515056171,-0.0223662686743028,-0.0835422077520062,-0.0125479252132148,-0.0856735956520006,0.0184040233556221,-0.0998213322300972,-0.0456612198946752,0.0184467981908806,-0.066968553664968,0.207053584489782,-0.109740474541399,0.0142015104754712,0.0405320208487069,-0.0435540873847326,-0.0921758425097702,-0.113802067502777,-0.113802067502566,21449052,0.207053584489782,6400
"Dendrocopos major",-0.000879859132292049,-0.00838989514388311,-0.0142182644450594,-0.117912699547898,-0.106255897383894,-0.0901419179603959,0.230187172655181,0.00487173457962436,0.00647228686690937,0.00750116885913799,-0.00606434497518371,-0.00576178897869206,-0.321524533972702,0.34599361740544,-0.320755626684654,0.191099746186106,0.0201857870542204,0.0164102870200231,0.0143162955778021,0.0122216746010457,0.0102179020694871,0.00825798550920519,0.00649298780490547,0.00537770192474098,0.00533348343690052,19280315,0.34599361740544,76.2
"Dicrurus macrocercus",-0.148519674041873,-0.137765146659466,-0.123319921372606,-0.110539235399893,-0.0956061927775096,-0.0728788087416199,-0.0455993427370167,-0.0257156609636469,0.0266204372159841,0.0220137959900863,0.0174021543471427,-0.0924570246193405,-0.0924570246193405,-0.0924570246193405,-0.0924570246193405,-0.0924570246193405,NA,NA,NA,NA,NA,NA,NA,NA,NA,17036889,0.0266204372159841,48.3
"Dolichonyx oryzivorus",-0.0341962178447967,-0.0213995970975105,-0.012653553149389,-0.0159607272208721,-0.0255135529531631,-0.0222661057141768,-0.0204093401334126,-0.0115990670841533,-0.0124147963229436,-0.021206161442761,-0.0271112304551688,-0.0234698900288254,-0.0145448266235077,-0.00916492037867653,-0.0105780989599589,-0.013956127355192,-0.013084244676141,-0.00819403736194176,-0.00596843695490531,-0.0110526079988605,-0.0188203940714158,-0.0194719324686601,-0.0100729965187434,0.000817746299600501,0.000307895753650367,19276086,0.000817746299600501,31.6
"Emberiza schoeniclus",-0.00616915785403209,0.00646871877398232,0.0137627062197022,-0.0236365516317975,-0.0242656026920986,-0.0252744020295229,0.0266966607645244,-0.0140775568574478,-0.0234123782262766,-0.0213828420170421,-0.0156614488998065,-0.020138961431006,-0.0191894752378852,-0.0185528596665775,-0.0186484712645532,-0.01183281491543,-0.0451492119568423,-0.066187463870809,0.000934775211085695,0.00462753396566859,0.00114136851851698,0.003067947918653,0.00242104163409468,0.0218558138595908,0.0218390983721198,18052623,0.0266966607645244,18.5
"Empidonax alnorum",-0.00175496249944957,-0.0124161914834645,-0.000118160558222577,0.00426287630200829,0.0146559424864399,0.00145886355781974,-0.0107518241007938,-0.00571446374045733,0.00178606252462055,0.00604165497479863,0.000620199497873014,-0.0125329944936849,-0.00219469810507986,0.00927776706334163,0.00655274298612632,-0.0144874192094311,-0.0285731937032576,-0.0139152098904348,-0.00470713140870201,0.0123488504936684,0.0188206006465795,0.0092013626301842,0.00305560123264731,-0.00229329763083736,-0.0124956629008606,896919155,0.0188206006465795,12.7
"Eremophila alpestris",-0.0206837707865078,-0.017173487804173,-0.0161817851152069,0.000266550730852771,-0.00570884983689469,0.0249422584781548,-0.00907483387075459,-0.00827445854349321,0.00899767769874801,-0.00569201382488219,-0.0287519281172296,-0.0293134279823041,-0.0293062031942179,-0.0251834527984317,-0.0153244813853589,-0.0134960702646906,-0.0201588540745512,-0.0296649461515831,-0.0353327745649667,-0.035420307633243,-0.033434683836439,-0.03308230238685,-0.0345386455865128,-0.0259828275811849,-0.0338863294388178,770962832,0.0249422584781548,33
"Euphagus cyanocephalus",-0.00548563622746099,-0.00600536523680422,-0.00649455877603551,-0.00682349078841848,-0.0068947232608443,0.0346301345737827,-0.010825762431083,-0.0106634467225439,-0.0106816468354761,-0.0108390434336315,-0.0110250759616809,-0.0110995900024681,-0.0109200534228364,-0.0103658170154149,-0.0093769741745438,-0.00803627119186586,-0.00662964326776532,-0.00552841703315885,-0.00491945817795965,-0.00471107334136284,-0.00479983262225162,-0.0053298197889509,-0.00648101945911875,-0.00802253067728655,-0.00933783733092185,109369835,0.0346301345737827,62.7
"Falco naumanni",0.0504731524177953,0.0504731524177953,0.0504731524177955,0.209949526316648,-0.0538753807828543,NA,-0.0452779428329663,-0.0452779428329664,-0.00564460054341287,-0.00599759787367482,-0.000787545274868312,-0.0138196960238327,-0.0426093494142208,-0.00771130931075081,0.021480916185053,0.0332923720516786,0.0414653249532049,0.042298279609806,0.0375096180708233,0.00821085909629149,0.00577727335538714,0.00778091293403416,0.00875915838404651,0.00464003807204749,-0.00366685779127962,13382449,0.209949526316648,153
"Falco peregrinus",0.076072654458972,0.0807183213720498,0.0754428753799222,0.0597036608826133,0.0538895306433241,-0.00196806339108698,-0.0685976633805313,0.0541477453461447,0.0537751953451108,0.0495565323810903,0.0464030404651196,0.0479385374057027,0.0475143615862951,0.0362742581416303,0.0381744681432953,0.0367551564882236,0.032954924632762,0.0171418870697008,0.0393112187981308,0.0502642418645766,0.0744084489360928,0.0540099636223749,0.0411659771210084,0.0456470789464154,NA,8922996,0.0807183213720498,743
"Falco sparverius",-0.0134792106219739,-0.0227393990139767,-0.00204943913715463,-0.0298428172893533,-0.00669099623560503,-0.00055719986560919,-0.0019950132247859,0.00693165229929206,0.00732772957442075,0.0076486459547612,-0.00553946261380314,-0.00598380599502974,-0.00668100789983756,-0.00714007395831262,-0.00708862538461711,-0.00675385118118829,-0.00652392806193572,-0.00645616176369828,-0.00630766921003918,-0.00596820188629256,-0.00561359112838512,-0.00540947620229589,-0.00529626543420625,-0.00516911410049917,-0.00508296301295678,18475897,0.0076486459547612,121
"Fringilla coelebs",0.00605279708548689,0.00383730277650951,0.00170168725594166,-0.0127849146327303,-0.0129126545529112,-0.00247459090089974,0.0171841383587155,0.0186419222030154,0.000485315527125718,-0.0269709476195878,-0.0352133239831308,-0.0142588702253943,0.0322708016381059,0.0558889430166155,0.0436542203180807,0.0269277036299207,0.0147218918260654,0.0119011030175942,0.00835016736209383,0.00637335205573449,0.00313124752131751,0.00100187839315026,-0.000955513259561655,-0.00270791266122322,-0.00311025706612057,48580457,0.0558889430166155,22.9
"Fringilla montifringilla",0.000197593026703746,-0.0127745470883025,-0.0251582938351955,-0.0161302660483414,-0.0140681348284395,-0.0115838177474474,-0.0115296685222676,-0.0128400241169717,-0.012436142555448,-0.00522037462077581,-0.0017232948921521,0.00131251216038312,0.00241213721585572,0.000522897200374572,-0.00429917163125459,-0.0101010026434045,-0.0409460558243808,-0.0416834160223738,-0.0353863409474078,-0.0287486331616176,-0.0235699297607741,-0.0161775174198915,-0.00437576163870945,0.00783799545722541,0.0137464853648679,38063448,0.0137464853648679,23.2
"Fulica americana",-0.0151659338351575,-0.0149652708222889,-0.0142896611799037,-0.0138224672929706,-0.0132275312512223,0.0163145952157145,-0.00991938269819063,-0.00919759394848722,-0.00840191055374829,-0.00749281666621299,-0.00650109633328359,-0.00567236554185894,-0.00504596585901688,-0.00402745396180946,-0.00343782821072594,-0.0028160934405783,-0.00222987933743483,-0.0017377353139311,-0.00136579753728579,-0.00110022362026104,-0.00090158562289179,-0.000733510137998966,-0.000586227520225353,-0.000476079844095677,-0.000420452891845803,58912804,0.0163145952157145,642
"Fulica atra",0.0703250227956338,0.0683580666560199,-0.152778662837968,-0.00253194601514986,0.00895846726637792,-0.00408228618128075,0.0183976699658052,-0.0442658499687675,0.0599852739208165,-0.0250657138417877,0.057189487767297,0.0796668573608275,0.0232193164356465,-0.0280266094321298,-0.0223096592917177,0.0230898768037923,0.00637337697305591,0.00846365289632405,0.0061602812044771,-0.00558261220442894,0.00381785258004626,-0.0231023397487196,-0.026467718169836,-0.0289991534925442,-0.0106277204088128,71948892,0.0796668573608275,684
"Furnarius rufus",0.0661986438082849,0.0661986438082849,0.0661986438082848,0.0661986438082851,0.0661986438082849,0.0602059991327961,0.0602059991327961,0.0602059991327963,0.0602059991327963,0.0602059991327961,NA,NA,NA,NA,NA,NA,NA,-0.152967460208543,NA,NA,NA,NA,NA,NA,-0.0606978403536117,11658689,0.0661986438082851,70.5
"Galerida cristata",-0.258065788827107,-0.250164312596311,-0.179798470248346,-0.0781601758249573,-0.0117258243121907,-0.00221149610184489,-0.0134701325711209,-0.0152186667490308,-0.0192696597768479,-0.0399445042593389,-0.0556959192349423,-0.0391879534340235,-0.0361860425764209,0.107523410233236,-0.0898113766452402,0.0208052683566786,-0.0725587218388693,0.0204823004991649,0.020779222204834,0.0127011594382052,0.0042722443702046,0.000429630194408406,0.000344699825538766,0.00243059821300558,0.00551472913562487,40990495,0.107523410233236,41.8
"Gallinago gallinago",-0.0249466718792512,-0.022176840501915,0.0194391223557422,0.00775909250290652,-0.00540673361701849,-0.0386746095867635,-0.0139098834638763,0.00155733722849227,0.00643172707581776,0.0902260375637588,-0.0118694613153492,0.00201453225591469,-0.00330362406902673,-0.000410030295246873,-0.00879572169846818,-0.0244405380866277,0.0107815016793844,-0.0143249625266085,-0.0338333797924427,-0.0355582677841927,-0.0263860390111916,-0.0295117929403411,-0.0218046949778596,0.0296715868813301,0.0197990020970946,34738195,0.0902260375637588,105
"Gallinago media",0.0609537546823389,0.0452594857758797,0.0214671582603707,-0.000748959926502479,-0.0184637881314085,-0.0312388603815819,-0.0343466882024241,-0.0235325369637542,-0.00338829348972403,0.0157568926982226,0.0284336862516898,0.0357692870720425,0.0372962611575116,0.0283985482340436,0.00865230734260147,-0.0131929973907317,-0.0272307966364482,-0.0320501486569067,NA,NA,NA,NA,NA,NA,NA,10175379,0.0609537546823389,170.5
"Gallinula chloropus",-0.0345175429626539,-0.0253849518813284,0.0446755793633637,0.0534047784684044,-0.0330136526693534,0.00122649684022868,-0.0516579777842987,-0.00165153951584686,-0.00598908193025555,0.00205861886524952,-0.0882680183725079,0.0143648214043426,0.0185394582611854,0.0104735282824202,0.00468032593640172,0.0251171089865573,0.016811953871127,0.0110900638199247,0.00867453625701586,-0.00671274401630251,0.00289868095833534,0.00889006252484614,0.0087164666904539,0.00352598347843924,0.00309827699319198,39632507,0.0534047784684044,344
"Garrulus glandarius",-0.0027761629009122,-0.00210217323501571,-0.00129131048328701,-0.000394746383767575,0.000550566058446944,0.00150646920773057,0.00239613298218089,0.00311208081132086,0.00358599473000043,0.00384705671264463,0.00399555011738706,0.00502594695232639,0.00524423140344088,0.00540960418363778,0.00545765091561989,0.000588800490779897,0.000340450710505871,-7.29472800844073e-05,-0.000574544561086204,-0.00104909992352765,-0.0014201338556191,-0.00168256124181765,-0.00187132106043045,-0.002020711548042,-0.00215469505119238,16081076,0.00545765091561989,160
"Gavia arctica",0.02171355652534,0.0217135565254744,0.0217135565256664,0.0217135565258739,0.0217135565260761,0.0217135565262481,0.0217135565263865,0.016270652331883,0.00769497201660074,0.000674787955438443,0.000674787955582328,0.000674787955763738,0.000674787955908436,0.0902141683176051,0.0489988365356874,-0.014920069267605,-0.134861467433031,-0.0367053465645943,0.0719302939747137,0.141307509254386,0.299551227793658,0.351410284494329,0.30151430529255,0.203103492987483,0.114180361875885,9131447,0.351410284494329,3080
"Gavia immer",-0.00102944752073777,0.00656913155724238,0.00725886469561256,0.00865414590902902,0.0111982092536984,0.0130095975564877,-0.00785126159794103,-0.00280285989662126,-0.00163848463167978,0.0212184015354774,-0.00916680921977205,-0.0119167304537446,0.0260579197536781,0.0206007973497379,-0.0521448132688507,-0.00576884927750705,0.0247160421840641,-0.0324786510135116,0.0370328987381474,0.000739900570959084,-0.00706567427169859,-0.00326852460284233,0.0271704491319527,0.00175942707046041,0.00298935615413493,9682105,0.0370328987381474,4980
"Gavia pacifica",-0.00440090908716577,-0.00439927404061808,-0.00429160621994732,-0.00411716734802287,-0.00392271876526064,0.157281622157839,-0.0276964621468726,-0.0497963378353351,-0.0454948653673084,-0.045109605583859,-0.0458929971099123,-0.0481053856019164,-0.0818484319808988,-0.0583755718317573,-0.0593501589162806,-0.058092321922104,-0.0540754285756174,-0.0510599729521152,0.0164325931314199,0.0341638339918865,0.0463546353001214,0.0531915701475001,0.0700299665353876,0.0736224084927698,0.151707008315823,11177564,0.157281622157839,1669
"Gavia stellata",0.0303535330838503,0.019928315700875,0.00820390341997027,-0.00777325256691049,-0.00445547169172193,-0.197145128846072,0.225981115222479,0.01685691859036,0.0143087923136486,-0.00938559273590596,-0.0309221364978098,-0.0300047835848399,0.00815517204844144,0.0416359690185256,0.0532381122684547,0.0349685823413926,-0.00535368621760843,-0.156249347878634,-0.000797451260200111,0.0334167186195987,0.0347411868494479,0.0295753050010079,0.0120877907872921,0.0146136969697214,-0.0261099423455053,23610546,0.225981115222479,1486
"Geothlypis trichas",-0.00576048099287513,-0.00479583978890386,-0.00224417414389799,9.01567279540737e-05,0.00139559771679202,0.023363041126165,0.00111107983494688,0.00125392472220224,0.00175645189064522,0.000642423224747601,-0.00280002799598339,-0.00658542484873186,-0.0080909497511086,-0.00697288203645323,-0.0051208220883421,-0.00401785883934593,-0.00325018093468482,-0.00180881403213389,0.000163496544057025,0.00160979084730867,0.00201561677634221,0.00192426404992563,0.00216378092384362,0.00307723855332993,0.00444947743766952,73754462,0.023363041126165,9.6
"Glareola pratincola",-0.0468533843570033,-0.0761691052005151,-0.00568888650704991,-0.00568888650704984,-0.0844742424761512,-0.0844742424761512,0.194587712051443,-0.155827098231443,-0.0798002501852541,-0.0530267226779302,-0.027131336162469,-0.0361751148832919,-0.0170399340714933,0.0237042463259672,0.0177997675060584,-0.0118937357583488,0.019870964642748,-0.015223985929352,-0.0193349252584695,0.0204818819137351,0.0172159215424517,0.0147384221737892,0.0129957202135313,0.0116466763591945,0.0102565257764546,11514749,0.194587712051443,84.9
"Grus grus",-0.0611010305636757,-0.0299346693576992,0.082445385711108,0.0760662814884887,0.0770893637269416,0.0662928786030189,-0.00214546055494888,-0.0170233014487094,-0.0153756091265035,-0.00987315900510945,0.0118632267073002,0.0372154381182476,0.0449049188499279,0.0477275103126649,0.0492598760630418,0.0509809643827502,0.0359061506329826,0.0221394415343538,0.0281706610964214,-0.178862934632622,-0.0951916153031243,0.0321834637040122,0.0278035285993207,-0.113180683767417,0.0207016105543341,32822521,0.082445385711108,5500
"Grus monacha",0.00998325440398862,0.00998325440398817,0.00490819393332931,0.00490819393332975,0.00490819393332931,0.00490819393332975,-0.0452056647229413,-0.0452056647229409,-0.0335111759795521,-0.0335111759795517,0.0566592428601984,0.0566592428601984,0.0566592428601984,NA,NA,NA,NA,NA,NA,NA,NA,NA,NA,NA,NA,43616598,0.0566592428601984,3735
"Guira guira",0.0602059991327962,0.0602059991327962,0.0602059991327962,0.0602059991327962,0.0602059991327962,-0.040823996531185,-0.040823996531185,-0.040823996531185,-0.0408239965311848,-0.040823996531185,NA,NA,NA,NA,NA,NA,NA,1,NA,NA,NA,NA,NA,NA,-1,9397978,1,141
"Gyps fulvus",0.0228706503651814,0.00257695488390801,0.0425111051013461,0.020101185568616,0.0299028913542366,0.0398360501708207,0.0383192990585324,0.0619881796136772,0.0546787013679381,0.0381384725516826,-0.0194949310532113,0.0261210682596825,0.012941662746074,0.0411818245238111,0.0349309960286647,0.0704351205586737,0.0271178538980491,0.00383567760830724,0.0338179572438309,0.0287019425605211,0.0729334022973501,0.0670028165037903,0.0732079687773771,0.0737524747718836,0.0509367162698033,9544667,0.0737524747718836,7436
"Haematopus ostralegus",0.0289961674707623,0.0166222729638535,0.0319409649647462,0.0328896057146526,0.0394366175297758,0.0157336157117855,0.0114688536027175,0.027057614653758,0.0121043171422171,-0.0353917092794557,0.0572507019805801,0.0381174110304638,-0.0325091586297926,0.0129108353520529,0.0184353680536748,0.0182361579243917,0.0200772364323591,0.0429495143995057,0.0288660455711626,0.00689151278269749,0.0337365606012005,0.0204497870965844,0.021450081653374,0.0218476249995994,0.0218833863585959,32888212,0.0572507019805801,526
"Lagopus lagopus",0.00368647336514264,0.00276190950208009,-0.0032967773474963,0.0417849512844988,0.0213087410521042,-0.0343523663189693,-0.0292277372431269,-0.0392686479765806,-0.0141304688337488,-0.00367437924715356,0.0209449518691296,0.0489967833818999,-0.0804723017247766,0.0240047060759344,-0.00227724211328985,-0.0164286105600085,0.0221326560680342,0.0221326560680342,0.0221326560680342,0.0221326560680342,0.0221326560680342,NA,NA,NA,NA,23709644,0.0489967833818999,587
"Larus hyperboreus",0.0168566754117101,0.0168566754116233,0.0168566754115003,0.0168566754113504,0.0168566754111881,-0.112448306301751,-0.00299209389178119,-0.0538204966005018,-0.0417819878451022,-0.041781987845116,-0.0116545656112725,-0.0304976906001729,-0.0535326004321549,-0.0609714646260839,-0.0415231737224127,-0.0196989497724344,-0.00743464148270538,0.385185795613526,0.0483920578157212,0.0154634858733674,0.00546300104518582,0.0024745298726101,0.149320825673463,-0.0643650190627452,-0.00218021705119142,949879030,0.385185795613526,1544
"Limosa fedoa",-0.00472425337526455,-0.00449454648625364,-0.00428866235206779,-0.00411350244489296,-0.00397020697915083,0.0582770462366357,-0.000952797742824714,-0.000984745187727546,-0.00103678736828346,-0.00105667718901709,-0.00101978751468209,-0.00091858976114606,-0.000747608121319502,-0.000510989493906211,-0.000231129544141469,6.488649313711e-05,0.000360363149474296,0.000639132069532404,0.000870525168688759,0.00102541738637824,0.00111095324790922,0.00117303293136582,0.00125215267614807,0.00134150077781133,0.00139935900640379,11826071,0.0582770462366357,358.5
"Limosa lapponica",0.0395214153854043,-0.00907909524238709,0.0135678264859462,0.00334949946464037,-0.00652368014336742,-0.0134370912761886,-0.0213095615576456,-0.011455154461761,-0.00624089902398376,0.0104691195291926,-0.0088251091062139,0.012026735327379,-0.00026555007104657,-0.0502511887577041,-0.0118182114831148,0.0330876029313123,-0.0430867904851208,0.0315064525298526,0.00578660346576772,-0.0679020057431503,0.0704145403153686,0.00253369323026922,0.00684705970795894,0.0209252914555804,0.0221772379061047,23949789,0.0704145403153686,292.5
"Loxia leucoptera",-0.0210283695741887,0.0766682580305574,-0.171874478463001,0.178700270995268,0.0901119249824293,-0.133788650875393,0.130471514677805,-0.0077235080986247,0.00405364169051014,-0.0193256845788746,0.102309841358572,0.034875598348757,0.037242077940193,-0.101248446566364,-0.10697746647762,0.106539520784172,0.0526456969723992,-0.106330861981258,0.0317634147949476,0.0614355916098774,-0.0113663116259982,-0.0359402707854169,0.0576362650897574,-0.0677053582659431,0.0747585224468097,170978414,0.178700270995268,29
"Luscinia megarhynchos",-0.00910654838496132,-0.0312236632335138,-0.0226834279954229,0.0104172248078847,0.0393308801877355,-0.00521804905058176,-0.00380603483882058,-0.0374115446497301,-0.0325117259308523,-0.0236064630208292,-0.0122414573873777,-0.000407083626656165,0.0102795226465957,0.0187560381233893,0.0244430724939853,0.0211244022662716,0.0212977286841475,0.0204128625464059,0.0195676542482225,0.00388160076892621,0.00453357536977486,0.00456312423966,0.00433233984877942,0.00374647793698393,0.00298478836317397,12383545,0.0393308801877355,19.6
"Melanitta nigra",0.178033355609341,0.229112846887066,-0.0875308214133347,-0.025339152271961,-0.0302793756485677,-0.0361465357794055,0.214835457079271,-0.23185508159329,-0.198823094176841,0.124234307655705,-0.0127934519974154,0.124372118707314,0.0377462262461191,0.0408390330971859,0.154508293901963,-0.108762522436333,0.137014777281172,0.0716685840055696,0.3304337457112,-0.159238482361817,0.15682906756384,NA,-0.495720113820858,0.365481159098066,NA,10997832,0.365481159098066,1052
"Myiozetetes similis",0.0820348930178099,0.0820348930178098,0.0820348930178099,0.0820348930178099,0.0820348930178099,0.0212910661828574,0.0212910661828576,0.0212910661828571,0.0396196741167599,0.0396196741167599,0.0579482820506623,0.0579482820506625,0.0579482820506625,0.0579482820506625,0.0579482820506623,0.0579482820506625,0.0579482820506623,0.0289741410253312,0.0579482820506625,0.0579482820506625,0.0579482820506624,NA,NA,NA,NA,16087600,0.0820348930178099,28
"Nucifraga caryocatactes",0.0061990795266762,0.00619907952658005,0.00619907952646392,0.00619907952633203,0.0061990795261968,0.00619907952606247,0.00619907952592724,0.00619907952578824,0.00619907952565324,0.00619907952553245,0.00619907952543386,-0.00463756456678865,-0.00463756456691611,-0.00463756456702447,-0.00463756456711284,-0.00463756456719233,-0.00463756456725717,-0.00463756456731579,-0.00463756456736286,-0.0046375645674015,-0.0046375645674237,-0.00463756456742948,-0.00463756456741615,-0.00463756456739461,-0.00463756456736308,10262737,0.0061990795266762,178
"Numenius arquata",0.0225612570803131,0.0195150801054861,-0.00536751534904056,-0.00063187042021729,0.0722585975865644,0.0695943903479307,0.0394379804562084,0.0179136620326229,-0.00171687720655639,0.00519245924827224,0.0101922753222088,-0.000293318192289444,-0.0270214947278453,-0.00803432119220313,0.0158554406023251,0.0262875812911217,0.0345809043519769,0.0396137881004071,0.0361144847176199,0.0236126500348048,0.12563994106237,0.0314778693725764,0.0395866615666998,0.0339492750071957,0.0175524131530392,26640376,0.12563994106237,805.5
"Numenius phaeopus",0.149359436492093,-0.0580854787596063,-0.00909877851450495,-0.0490374934777395,0.062102177760262,-0.0610202322389314,-0.0262957136204906,-0.0114570909015343,-0.00655110178755755,0.109059057887814,-0.0923688376660613,-0.0644054400577035,-0.00301883403255106,0.0492533266153167,0.0132994363745106,0.0942527561685911,-0.0261808019714181,0.0108328655967618,1.46240254567189e-05,0.0358962831608191,-0.0406003953821994,0.0102578661477318,-0.0145073882877251,-0.00873362838956582,0.0626092827021188,52205963,0.149359436492093,365.8
"Passer domesticus",-0.00807352085218231,-0.0200692534266251,-0.02628615247745,-0.027649339942043,-0.0243772155673515,-0.0193940208024546,-0.0201456598242267,-0.0232261490425135,-0.0263330364918043,-0.0333797737882981,-0.0444741804789897,-0.0590308348382538,-0.0649187727645063,-0.0163424836642431,-0.0147136952477892,-0.0124616824287767,-0.016760771824751,-0.0325079495708678,-0.0225805901357022,-0.0186975873401427,-0.0220615584290627,-0.0210679578604705,-0.0216537968126987,-0.0218356925840657,-0.0256222920703437,1618744682,-0.00807352085218231,26
"Passer montanus",-0.0072457003629881,0.014614198236459,0.0268441182192818,0.0099168494190192,-0.00300311039937754,0.00971958860663587,0.0349891606018891,0.0394115226945317,0.0144546083169879,-0.0164896075008091,-0.0429262108375427,-0.0131460271621416,-0.000851437258590937,0.00583839349777832,0.00770348263061266,0.0189608066322822,0.00899831116192309,0.00743246571144664,-0.000439143964237831,-0.00853537741661362,-0.0136205943770387,-0.012631329370801,-0.00831939777935108,-0.00492073260798248,-0.0035414268434016,47643490,0.0394115226945317,21.4
"Passerculus sandwichensis",-0.00917117637660819,-0.0092812515086217,-0.00802072625878653,-0.0058853778508499,-0.00456394799975922,0.0199185124717864,-0.00632614917576302,-0.00825392430155882,-0.00860457140667861,-0.00847915517695657,-0.00942436062161787,-0.0112961460433174,-0.0124305751212932,-0.0115056811009301,-0.0085255491626823,-0.00433175359005334,-0.000257185432929676,0.00159520557884757,-0.000920321792465225,-0.00772827827220246,-0.0152903757100096,-0.0188857740105283,-0.0167774876529646,-0.0117621667415273,-0.0082084412973315,599661514,0.0199185124717864,20.6
"Passerella iliaca",0.00233679812543602,0.0020031939760116,0.0018093041797102,0.00189184128812395,0.00220064786995768,0.002566050883981,0.00288442646293977,0.00313662226766485,0.00323288255217509,0.002980831413456,0.00229866005242018,0.00139568412698788,0.000641791682146164,0.000264310808418785,0.00023170232204808,0.000407232969964921,0.000715536721672646,0.00112755980747278,0.00156702571646354,0.00191703597899502,0.00211282363431202,0.00218357871309431,0.0022028675549795,0.00222559452806967,0.00226811482805678,23325720,0.00323288255217509,33.3
"Passerina cyanea",-0.00105866004615152,0.00667407744089251,0.0119287690294912,0.00952835345016043,0.00224485823846824,-0.00237419016052326,-0.00134962710099499,0.00147398028992213,0.0024690011059791,0.00294244892810945,0.0047384091362727,0.00523268614209824,0.00131158631524719,-0.00329098059675653,-0.000214217189540289,0.0122725313482355,0.0242964055623718,0.0242419770820942,0.0119549880619266,-0.00137796067236473,-0.00617865217383029,-0.00378337789188645,-0.00179934434952461,-0.00364694319127296,-0.00608177911524928,87201014,0.0242964055623718,14.7
"Pelecanus erythrorhynchos",0.0219791604948057,0.0220967562256504,0.0222053573494541,0.0223112518408176,0.0224126978566935,0.0225040464769288,0.0225824757148264,0.0226484878027193,0.0227010831308538,0.0227340864170297,0.0227373891137066,0.0227032879835842,0.0226347449190358,0.0225473453037827,0.0224582864199032,0.0223700195227144,0.0222674715362557,0.0221357896797853,0.0219805843548339,0.0218276349670269,0.0217026415711267,0.0216137861418847,0.0215535151264651,0.0215123628385947,0.0214868975570956,19858493,0.0227373891137066,5650
"Phoenicurus phoenicurus",0.00123357171555594,-0.000484215857410764,-0.000213820586222546,0.0214423030121236,0.0199437725522368,0.0168073108746576,0.0148903121971433,-0.00967111001133989,-0.0069349162782955,-0.00535440320261427,-0.00643842379541355,-0.00959675142379351,-0.0116043517356746,-0.0110295088660542,-0.00793354525933232,-0.00338306717421683,0.00658334671562233,0.0108076625843396,0.0110881868822317,0.0117204473228447,0.0146120525385203,0.0199982510960881,0.0230188055706835,0.0209826541638607,0.0149661358493594,11327950,0.0230188055706835,14.6
"Phylloscopus trochilus",0.0108336665617507,0.00353429943906852,-0.00190060205612047,-0.00102993756894523,-0.00070784671308739,-0.000284728976585358,-0.000130518441748739,0.0117820951797736,0.0118982747779275,0.0100315232720247,0.00729780603445678,0.00543002823149993,-0.000343458949470151,-0.00609846395113086,-0.0090788521635364,-0.00810536589349257,-0.00352461257266423,-0.00370680499231665,-0.0110158127311625,-0.0136306204530945,-0.0190363689895268,-0.0165434605366869,-0.0133198068036637,-0.00125066201850688,-0.00206240086713771,46593036,0.0118982747779275,8.7
"Pica pica",0.0203910120431026,0.0216870846191721,0.0187313855165223,0.0122140586534698,0.00413383991380645,-0.0046328332799932,-0.0140680049910029,-0.0227752106166419,-0.0277422776187231,-0.00629974782262173,-0.0029601948886242,0.0041711392918129,0.00934614519010069,0.013069079797883,0.0155308822447864,-0.00250048407180587,0.00766218259496382,0.0177314442036712,0.0150131709641258,-0.0186744121447536,0.031066262345822,0.00544872877846139,0.00521565153647296,-0.00014502876218217,-0.00850921621062722,33377656,0.031066262345822,206
"Pinicola enucleator",-0.0122295172391122,-0.0130880300556217,-0.0159090376981667,-0.0182032730033078,-0.0164231194160546,-0.00938692153475961,-0.000641822426301637,0.00389131984292264,0.00140790614807452,-0.00591692291229544,-0.0145481599478667,-0.0221061798852391,-0.0254839736260158,-0.0211833272209022,-0.0111298568444726,-0.00411161102267816,-0.00612760510527539,-0.01236300268069,-0.0149691690213003,-0.015426624057887,-0.0195655702529117,-0.021542024707021,-0.00637983259426763,0.0260076851940842,0.0525481481782434,46642541,0.0525481481782434,56.4
"Pitangus sulphuratus",0.0145101334297224,0.0145101334297222,0.0145101334297224,0.0145101334297224,0.0145101334297222,0.0180353260698178,0.0180353260698174,0.0180353260698176,-0.014652488999166,-0.0146524889991659,-0.0473403040681496,-0.0473403040681495,-0.0473403040681495,-0.0473403040681496,-0.0473403040681495,-0.0473403040681496,-0.0473403040681495,0.0421145057195819,-0.0473403040681495,-0.0473403040681495,-0.0473403040681497,NA,NA,0.367976785294594,-0.021189299069938,36043298,0.367976785294594,63.3
"Platalea leucorodia",0.110416350404387,-0.173676418755154,0.175989173488707,0.105112993604601,0.0626229035353714,0.0815095416221442,0.0773377398026503,0.0678085125969814,0.0938199783989243,0.0200377937634037,0.0631772016349179,-0.0349465104534639,0.109646817583422,0.0730916595094683,0.0224997401328,0.0474795335597539,0.0354458427304579,0.0259342543754337,0.0690286863008628,-0.00634506401935982,0.0507468061957201,0.0686243531809157,-0.0867132019170621,0.0419022619521749,-0.464906449120527,12989010,0.175989173488707,1868
"Plegadis chihi",NA,NA,0.0850092921356289,0.0845141227561821,0.0840806825997991,0.0843940391764364,0.0856408382793736,0.0875306438385812,0.0897775729334764,0.0923429955322943,0.0952609368391957,0.0984432933568873,0.101730883063198,0.105013691009927,0.108216667941393,0.111246421514782,0.114037627441629,0.11659947951519,0.118934364964968,0.120956274865909,0.122587357609046,0.123905195605358,0.125069090610982,0.126084407792273,-0.436615413243538,26169742,0.126084407792273,622
"Ploceus cucullatus",-0.00691340886831648,-0.0069134088683166,-0.00691340886831637,-0.0069134088683166,-0.00691340886831648,-0.00691340886831637,-0.0069134088683166,-0.00691340886831648,-0.0069134088683166,-0.00691340886831648,-0.00691340886831637,-0.0069134088683166,-0.00691340886831648,-0.0069134088683166,-0.0196218712897616,-0.0196218712897616,-0.0196218712897617,-0.0196218712897617,-0.0196218712897616,NA,NA,NA,NA,NA,NA,34406501,-0.00691340886831637,36.4
"Pycnonotus barbatus",0.0671693841341572,0.059940362684066,0.0454823197838854,0.0237952554336123,-0.00303888360131177,-0.0266923102591301,-0.0450830777744069,-0.0586891385286972,-0.0683189067386745,-0.0679125346354494,-0.0474412340007895,-0.00596443225620291,0.0409781900495974,0.0708732807848227,0.0727895537693364,0.0558072116057247,0.038569566325414,0.0317337289300323,0.0320150483676924,NA,NA,NA,NA,NA,NA,37890265,0.0727895537693364,32.7
"Quiscalus quiscula",-0.00355037989656535,-0.00321344456383365,-0.004465299603121,-0.00451361893873378,-0.00464669984141034,-0.00635165560244967,-0.00672650097299853,-0.00685442797095758,-0.00681190949488808,-0.00662504534441831,-0.00637002093280832,-0.00604758369764539,-0.0055593018690865,-0.00480258349255815,-0.00374193107865984,-0.00239750161740337,-0.000842835460569302,0.000750547426892084,0.00213147811961106,0.00310946755357822,0.00367987041830873,0.00397944393180569,0.00413047556727858,0.00416257245935941,0.00407517382410216,187073093,0.00416257245935941,106
"Recurvirostra americana",0.00176340368045228,0.00203311881159744,0.00239067554853103,0.00248538753913909,0.00218017342475349,0.00163662201973339,0.00109482807271982,0.000644701074264018,0.000244013524681915,-0.000104529967734921,-0.000273699028918597,-0.00010926302704232,0.000437952986121417,0.00127678777419043,0.00222199496941125,0.00305738167715717,0.00360491578775508,0.00379649533300706,0.00369410742556024,0.00342098358787528,0.00306685378086608,0.00266852883480656,0.00226911796904777,0.00195422656602298,0.00179914012050581,16929127,0.00379649533300706,304.5
"Recurvirostra avosetta",0.0533361533275947,0.0343683606084491,0.0199478692909046,-0.0136284138510403,-0.0122474598401733,-0.036622563052167,-0.0467005118342827,0.0160279657400599,0.109957929804375,-0.00948204668579072,-0.0266851888283607,-0.000486497478686692,0.00352776878561648,0.0216947573193121,0.00142606813908726,-0.0615539599932386,0.0427309451617517,-0.0216800770382259,0.102423097300508,-0.0136945147336981,0.0731788172864881,0.0379027591068024,0.0389244349955562,0.0401916473774862,0.0415035869287632,33287699,0.109957929804375,304
"Regulus calendula",0.000490920513427732,0.00281659684420018,0.00884911434099244,0.0155994536150113,0.0195797556082708,0.0191642085717039,0.0148074544267883,0.00796824314073658,0.000661918782575016,-0.0047789939734561,-0.0071110081906596,-0.00742511442963839,-0.00764653134687186,-0.00753785589147484,-0.00478606001165397,0.000983458025527535,0.00579538613110713,0.004948634220685,-0.0011838662858114,-0.00683070075467718,-0.00688905301178112,-0.00205758183935809,0.00284313006008693,0.00451084586514305,0.00373899586917601,131624404,0.0195797556082708,6.2
"Regulus regulus",0.131296052533161,0.137181106860039,0.0717752730081187,-0.0106726601826914,-0.0290664637131777,-0.0249197908276733,-0.0182653756282003,-0.0213014319036647,-0.0214865417889813,-0.0102696940132096,-0.00592605804543442,-0.00945840350204702,-0.01643316354005,-0.019168096522761,-0.0165254189945678,-0.0123757919218687,-0.0113101255346387,-0.0121769372134015,-0.00882815402111367,-0.00787748387489176,-0.0162098638281326,-0.02734972818949,-0.0270494985249475,-0.0112544742194542,0.00828218836111648,12784949,0.137181106860039,5.8
"Riparia riparia",-0.0231021723794463,-0.0245866636985158,-0.026314296794296,-0.0274688009690856,-0.027803118816037,-0.0278890436660002,-0.0285996041877038,-0.0302622486211001,-0.0323497836090859,-0.0339772214689517,-0.0346163390512313,-0.0264981900140552,-0.0261019466110677,-0.0257371265009046,-0.0254506502594095,-0.0145426404929596,-0.0152811457512304,-0.0166378009520405,-0.0182134086477089,-0.0199967867620863,-0.021851075093424,-0.0233165170553698,-0.0246602679760642,-0.0270066773188543,-0.0300016916144554,49357199,-0.0145426404929596,12.8
"Saxicola rubetra",-0.0105396108221332,-0.0139439177221812,-0.0132081569840319,-0.0125782353251512,-0.0130329150523049,-0.0120664852712844,-0.00768820510806539,-0.00597207393236499,0.000702675950466049,0.00586231508629205,0.0088089201574098,0.00706917414086852,0.00914473831746745,0.0112520575540682,0.0126355877588538,-0.000876253588500982,-0.00894554066339457,-0.0117051686861658,-0.0088394199982987,-0.0218824655382643,-0.0238973024325577,-0.0261879625447205,-0.0226352442845017,-0.0119957199427378,-0.000503612659794372,10362836,0.0126355877588538,16.6
"Sayornis phoebe",0.00569849554792636,0.0201296814268514,0.0158499198518677,0.00898282182847964,0.00280923860947371,0.000745248073524935,0.00204714639113223,0.00203437089834581,-0.00208641201060675,-0.00759374249327575,-0.0101620974437687,-0.00944452398327351,-0.00830565259583723,-0.00789417877198388,-0.00650003119838264,-0.00292218555429837,0.00189307061620259,0.0067461711706881,0.0109907866228832,0.0128859848467282,0.0100253368285068,0.00298564526916835,-0.00361816426838774,-0.00568031799638632,-0.00385043310749731,73428328,0.0201296814268514,20
"Sayornis saya",0.00735161728419855,0.00763969136998208,0.00845143493019089,0.0093414216151863,0.00990378445026858,0.0102461537097197,0.0107354123673963,0.0114484497207865,0.0121681512984651,0.0127511374951779,0.0131095564541721,0.0129221594710906,0.0118292156975154,0.00999284694362645,0.00809801688215217,0.00670331837833675,0.00590747087973358,0.00567847690725549,0.00603254794225756,0.00668542020749592,0.00699429343763358,0.00663071643980955,0.00602073340625884,0.00576116084722378,0.00586395259894581,10437251,0.0131095564541721,20.9
"Selasphorus rufus",-0.00832878509944093,-0.00843260681464816,-0.00852415652977079,-0.0085983307662337,-0.00865587829441772,-0.00870546889824653,-0.00875294197777415,-0.00879499497102565,-0.00882645130259374,-0.00884762730743799,-0.00885872579593988,-0.00885126728371241,-0.00881392157210525,-0.00874806337018685,-0.00867127367094164,-0.00860238681344813,-0.00854661189078673,-0.00849734473392827,-0.00844829420337731,-0.00839991618070562,-0.00835668581393212,-0.00832286297795916,-0.00830064771960654,-0.00828893312118663,-0.00828333581545192,16372838,-0.00828333581545192,3.5
"Serinus serinus",-0.0415594834857829,-0.0264250318507553,-0.00873564991053066,7.80159343285458e-05,-0.0038934422226633,-0.0155692910900775,-0.0264637265116343,-0.0168692285038629,-0.0167017147283648,-0.0149898595997904,-0.0122842601360847,-0.0085873938525674,-0.00442682157213659,-0.00132965278618319,-0.00110725051613431,-0.00306370707804888,-0.0111792072765446,-0.0182770987317591,-0.0170209383791012,-0.0102313389423034,0.0042637019046395,0.00680893130512732,-0.003384869154522,-0.0158336867631104,-0.0193405134617022,9593954,0.00680893130512732,11.2
"Setophaga ruticilla",0.00500282535160159,0.000896319296009575,0.00194908895207858,0.0028207873463411,-0.000375235087431186,0.00112124598622973,-0.00304689853944577,-0.00646451811265815,0.00231676070782209,-0.0090506617570673,0.00516104719739582,-0.000473896705639285,-0.000437432721807907,-0.00381026101004071,-0.0102808199394485,-0.00675891715795211,-0.00304110229053209,1.19452154751451e-05,-0.00254471487116261,-0.00493499352369709,0.00466622107854172,-0.00814756965954385,-0.0100816874347728,-0.0119607228111412,0.00110393448890195,43336179,0.00516104719739582,8.3
"Sialia mexicana",0.0318511004580395,0.03239425306651,0.0329423005724139,0.0334761909073817,0.0339815253295825,0.0344435303026747,0.034843162114875,0.0351726293749162,0.0354510981169831,0.0357102605721218,0.0359615008629899,0.0361880739745826,0.0363732427993613,0.0365244604553288,0.036660863428283,0.0367850368794804,0.0368802898110892,0.03693576672789,0.0369647183453268,0.0369956811372578,0.0370518627910608,0.0371392888177895,0.0372447177710034,0.0373388687971243,0.037391347652562,20804834,0.037391347652562,26.5
"Sialia sialis",0.0286790823479116,0.0310610542423443,0.0280055367830057,0.0192816061474914,0.00891150257252586,0.00271824195117033,0.00331816006355545,0.00793449117645462,0.0116447766711574,0.0122776403876864,0.011524515045617,0.0118801027354261,0.0137422303720128,0.0156251543253378,0.0160376386126286,0.0144383353820981,0.0111439996667769,0.00740514340792363,0.00536590270929312,0.00670669494074655,0.0106659329027816,0.0139531545938034,0.0133987004342792,0.00877791929662955,0.002771429454573,60548459,0.0310610542423443,27.5
"Sitta canadensis",0.0339365091401922,0.0293133215596297,0.019681773260827,0.015446258506024,0.0172408359789328,0.020185389746256,0.0178720325542954,0.00969545469880452,3.12802728492311e-05,-0.00703501973764218,-0.0094488265222221,-0.00603189210024661,0.00237508408457672,0.0108886212904699,0.0133083359079742,0.00826189097794132,0.000861971717325958,-0.00262122448912417,-0.000318610445907131,0.00536339010223693,0.0112279161657394,0.0151494767854296,0.0160341831222779,0.0141198196801644,0.0111779943215398,29653605,0.0339365091401922,9.8
"Sitta carolinensis",0.0105401693171705,0.0102116786870612,0.0103433474147095,0.0105892296424591,0.0105743042366134,0.0102639262169772,0.0100114014784204,0.0104914325966028,0.012165398333231,0.0143067494998668,0.0149567536817514,0.0127387519517242,0.00878974895943648,0.0061040766370223,0.00663288033625018,0.00957748811852119,0.0127374744833669,0.0147122338261799,0.0152271075388879,0.0142270404549513,0.0119361378332485,0.00956033030189314,0.00855124322616849,0.00880509713389385,0.00865969598539668,19483729,0.0152271075388879,21
"Sitta europaea",0.0312779319649489,0.0306603516621573,0.0242800984500438,0.0120931555542982,-0.00802559352453636,-0.0118877450864557,-0.0079112636129417,-0.0020668158815648,-0.0017655879326004,-0.00470575325419165,-0.00722579286721547,-0.00066420026899161,0.00533646891993933,0.0136021766029948,0.0192685914413787,0.0155854916273239,0.0150471487463621,0.0161579569603956,0.0187070850362267,0.0214479099340292,0.0209704496414997,0.0158318524670892,0.00844103479406713,0.00202756991360803,-0.00238339439508314,16291137,0.0312779319649489,20.8
"Sphyrapicus varius",0.00803693056815071,0.00638249359462415,0.00474725871538522,0.00702805113705655,0.00906346584681094,0.00852647470230963,0.00698873138228229,0.00703841372944485,0.00817042130721778,0.00793410655931548,0.00665530258994807,0.00834286679320144,0.0155163256933274,0.0244706243073781,0.0276905734117261,0.0213500727296167,0.00946783576176512,0.000131186272864635,-0.00190219869009582,0.00149236962031118,0.00515752265194117,0.00622446004030452,0.00617571268415043,0.00824544797802425,0.0136128414761616,15246450,0.0276905734117261,50.3
"Spiza americana",-0.0818958091867557,-0.299672932861432,-0.265455226562271,0.0266259199788319,0.185057930403635,-0.0439449451326226,-0.325846415031362,-0.185331165542595,0.237325109578054,0.332424981578349,-0.0678389861293063,-0.411736976706463,-0.248358918851868,0.124293040461886,0.195538556792144,0.0815039513073494,0.290802340996673,0.772034515776797,0.805892912360991,0.0348057997001052,-0.86881718859171,-0.943259499246018,-0.130142947854202,0.648417119675676,0.569656026752767,18807815,0.805892912360991,26.3
"Spizella breweri",-0.00252188839750503,-0.00246953176156354,-0.00180379341442209,-0.00123218490447294,-0.00118221381521272,-0.00192608796799147,-0.00327413913080152,-0.00490352336450993,-0.00674145781453435,-0.00873435748077957,-0.0104478646537573,-0.0112655502444376,-0.0109626876065941,-0.00984097923067911,-0.00833679287912113,-0.00675290678053962,-0.0053751809226637,-0.00454580796360569,-0.00441661921130421,-0.00470659493701425,-0.00483983428567931,-0.00437502167335191,-0.00335422007956482,-0.00229457398648267,-0.00177898723617756,23406889,-0.00118221381521272,10.9
"Spizella pallida",-0.0029556053077269,-0.00226930729912892,0.000938009174075622,0.00322123661268599,0.000833756270232307,0.00187389303515227,-0.00611360114400111,-0.00268297541401288,0.00127831523863134,0.000844260787596967,-0.00212316745289605,-0.00281669832008002,-0.00134280755325532,-0.00197317473046992,-0.00521447448498535,-0.00602659314961212,-0.0016572481590935,0.00347865052205241,0.00420847949197469,0.00229423750323711,0.00289635438701915,0.00547272475759467,0.00424279489358837,-0.00202282484015597,-0.00682981667997242,62584333,0.00547272475759467,11.2
"Spizella passerina",-0.00177766118915589,-0.00100142430858698,-0.00090924319816213,-0.00175055552764987,-0.00326847893162867,0.00702102894303869,-0.00683257298979914,-0.00592321870560418,-0.00458749722555542,-0.00400887803522055,-0.00443516483204379,-0.00499253930889253,-0.00478367931745256,-0.00388069606378326,-0.00305726160478195,-0.00283280686279632,-0.00313122162649656,-0.00373603681807449,-0.00463512719851876,-0.00580128685004475,-0.00692647480453907,-0.00755781615955033,-0.00736900405523899,-0.00625199924962978,-0.00439632003357271,274773823,0.00702102894303869,12.2
"Spizella pusilla",-0.00591953787312447,-0.00549572177742519,-0.00646843315852033,-0.00896619092883636,-0.012370974405464,-0.0154856124710087,-0.0173706926039505,-0.0179838007381631,-0.017925035057191,-0.0176225033582419,-0.0168852084615962,-0.0152551948426999,-0.0126913427097779,-0.00983384185239358,-0.0076169136253779,-0.00666217003982021,-0.00702268852484811,-0.00839702333180908,-0.0104187361280065,-0.0126276840912318,-0.014249593915521,-0.0142965890649814,-0.0121803499738993,-0.00831942839992551,-0.00404700374195976,10150321,-0.00404700374195976,12.5
"Stelgidopteryx serripennis",-0.00422374759059286,-0.0041859787669406,-0.00418561021149411,-0.00423576490860669,-0.00435238650914973,-0.00515889873492961,-0.00533698693752395,-0.00550164255761376,-0.00562042871578314,-0.00568467132967274,-0.00570493629108478,-0.0056929527971285,-0.00564870650276897,-0.0055646890319469,-0.00544118141639902,-0.00529579437161768,-0.00515720701378574,-0.0050486873514915,-0.00497557282090146,-0.00492596401573797,-0.00488242965720869,-0.00483497618384575,-0.00478621865895935,-0.00474632419486763,-0.00472295243168743,45686312,-0.00418561021149411,15.7
"Stercorarius longicaudus",-0.0981473225719842,0.00130435583394269,0.0281105410377484,0.0671483407364739,0.00257518853267243,-0.19821899668868,0.201712660034724,-0.128792391737399,-0.0174607759413058,-0.0143853072989756,-0.0144724338776877,-0.0136582708358544,-0.012213786514106,-0.0103245994918735,-0.00785154257048802,-0.00473764724437194,-0.00158998292864621,0.232679306288864,0.0495372923748827,0.0495882943165061,-0.14977522513904,0,0,0.301029995663981,0,40432451,0.301029995663981,289
"Stercorarius parasiticus",-0.00980537622486329,-0.00403128076676222,0.0103359021560669,0.0102087473572543,0.0117986067025615,-0.117721750593256,-0.20827308344315,-0.0448517742418296,-0.0503163377085804,-0.0562953589369715,-0.0546531793533344,-0.053609605104443,-0.0541696993153705,-0.0571913828493892,-0.0580287653028565,-0.0609774844005868,-0.063109441059103,0.345551929328581,-0.0252820582622771,-0.0168625617058703,-4.44301674626946e-05,0.00221215132379123,0.041615264200658,-0.301029995663981,0,34201376,0.345551929328581,446
"Stercorarius pomarinus",NA,NA,NA,NA,NA,0.206625049919049,-0.351798168686143,-0.155288112973674,-0.044177001862563,-0.044177001862563,-0.0441770018625631,-0.0441770018625631,-0.044177001862563,-0.0441770018625631,-0.0441770018625631,-0.044177001862563,-0.0441770018625631,0.565985492589335,NA,NA,NA,-0.301029995663981,0.845098040014257,-0.845098040014257,0,47439504,0.845098040014257,694
"Sylvia communis",0.0217432286681282,0.0154120980657703,0.00806834074229246,0.00696480199837692,0.00398048833391003,0.0015499427025977,-0.00424314840333621,-0.000855359456234606,0.000757993377002648,0.00290103940755104,0.00885757043998736,0.0131040673708104,0.0138498682004531,0.0132102756890946,0.0116865276635622,-0.00938479267001677,-0.0337844991307724,-0.0340117042321167,-0.0209876846908023,-0.00621861035603827,0.0246509061164518,0.0369775354639189,0.0313991153759941,0.0187479842286313,0.00791549456542882,17111613,0.0369775354639189,15.1
"Tadorna ferruginea",-0.258171496333705,-0.258171496333619,0.157527775844774,-0.0482468839224615,0.284501420837939,-0.175649419415749,0.0460018944505514,0.0460018944504829,0.0221969151702696,-0.019797170821258,-0.0197971708212776,-0.0197971708212821,-0.0197971708212838,0.0253813907305094,0.0253813907305094,-0.00792860329430156,-0.00792860329430156,-0.00792860329430178,-0.00792860329430156,NA,NA,NA,NA,NA,NA,46876277,0.284501420837939,1242
"Tadorna tadorna",0.103899044788488,0.128753686138999,0.00495749496747018,-0.0622101531862284,-0.042156367342553,0.0839202889959786,-0.0147906143974354,-0.0127913115585638,0.0178255710778773,-0.00238481565725581,-0.0110868724493466,0.0288519659894811,0.00361646102866431,0.00554399791790032,0.00424525127972232,-5.01700046081389e-05,0.00757934257886132,0.0122087742050169,0.0320091840669112,0.0314647481660572,0.026451622589822,0.013118594864788,0.0234215762277801,0.0234215762277801,0.0234215762277801,14187918,0.128753686138999,1152
"Thryothorus ludovicianus",0.0189383203106024,0.0189383203103697,0.0189383203101194,0.0189383203098419,0.0189383203095332,0.0189383203092095,0.018938320308898,0.0189383203086237,0.0189383203083964,0.0189383203082063,0.0189383203080458,0.0189383203078968,0.0189383203077551,0.0189383203076123,0.0189383203074678,0.0189383203073203,0.0189383203071773,0.0189383203070461,0.0189383203069302,0.018938320306825,0.0189383203067255,0.0189383203066369,0.0189383203065676,0.0189383203065192,0.0189383203064877,45096063,0.0189383203106024,18.6
"Tringa erythropus",0.0623743357798838,-0.00281274564943011,-0.0170778486194242,-0.0973904544554512,-0.0457786382102692,-0.041747844580306,-0.020689616284696,0.00168281937045526,0.169667060149545,-0.105246405459004,0.0719653955297551,0.130245868254625,-0.0430485220597425,-0.0127507805128148,0.0141217155078295,-0.0141578304472414,0.0173315072394708,-0.00138104492050473,-0.00281213447735835,-0.0122490442862337,0.0545865691194047,-0.000838210238797865,-0.0123174674825406,0.0067759958380688,0.00809950050258694,10581517,0.169667060149545,158
"Tringa flavipes",-0.00938875135878455,-0.00941114526969628,-0.00936324217296844,-0.00924234101884376,-0.00905947660170773,-0.00883809912532761,-0.00860770492584961,-0.00839083032764895,-0.00819312778370657,0.0015213065100605,0.00167460502172468,0.00182601112232125,0.0544527463972252,-0.0922258487220591,0.0800008867195742,-0.0666435271674822,0.02609665129587,-0.0622870536340773,-0.00620227204227119,-0.0060959481284997,-0.00602426705306686,-0.00597628568681365,-0.00593148729979408,-0.0208561348324986,-0.00584531952447704,41592429,0.0800008867195742,77.5
"Tringa glareola",0.0430300193188405,0.0544470052467815,0.12684441285248,0.0534983957781268,0.0325363476679732,0.0176026234336747,-0.0105353460974208,0.0515353300303782,-0.0299435572535458,-0.102245226565817,-0.0559809649196042,-0.0731583935145988,-0.0810849473372504,-0.00164835536280897,-0.00603716609699423,-0.00773951640314663,0.0584756342868837,0.0584756342868462,0.0584756342868151,0.0584756342868002,0.0584756342868044,-0.00077451812474183,-0.000774518124713186,-0.000774518124697199,-0.00077451812468543,45559472,0.12684441285248,60.8
"Tringa melanoleuca",0.0148940497963867,0.0139502102063745,0.0109267643939949,0.0107056937912536,0.0152402700005533,0.0220672399030301,0.0273748897825631,0.0288037895029089,0.0260154556362103,0.0207117896354358,0.0161649023081395,0.0147694894824896,0.0154314947482073,0.014790490909873,0.0115531731745482,0.00811005912447479,0.0070930400847169,0.00801857074753522,0.00879050158970069,0.00907607517414602,0.0100368119815113,0.0115645542200426,0.0125169276634508,0.0137979133883013,0.0181722495841306,27196692,0.0288037895029089,162
"Tringa solitaria",0.00601507348590224,0.00619703382167472,0.00636240089352233,0.00644436097732447,0.00644932463489882,0.0064323131339565,0.00642811224387005,0.00641738399030259,0.00638704492938203,0.00639967754466419,0.00652034850185823,0.00665208596243024,0.0065564467441766,0.00615721451033733,0.0057752262465526,0.00589184296062369,0.00660805680109324,0.0466607379774997,0.00772490835692897,0.00725327083937346,0.00636401794555263,0.00559270906154377,0.0052853963716664,0.00551096435259649,0.00612674613268402,9530039,0.0466607379774997,48.4
"Tringa stagnatilis",0.00612266244988424,0.00612266244988446,0.46347070820113,-0.312950276127761,-0.0304120635903645,0.00612266244988446,0.231636418119463,0.0991864943895222,-0.496938668775058,0.205346625010468,0.00612266244988446,0.00612266244988446,0.00612266244988424,0.00612266244988446,0.00612266244988424,0.00612266244988446,0.00612266244988446,NA,NA,NA,NA,NA,NA,NA,NA,24854385,0.46347070820113,77.5
"Tringa totanus",0.0757060231252227,0.0160311774441642,-0.00820358839354979,-0.00431328975561634,-0.0128057033781682,-0.0119035232027416,-0.0283664131262137,-0.0180457450931958,0.0207316777700024,0.010942485299332,-0.0625489865767587,-0.0266701294334372,-0.0757285500311659,0.00492468369928239,-0.00727150384806481,-0.038953761673426,0.0109287125738487,0.0722090972843366,0.100657834146587,0.11560157383168,-0.197554689731433,-0.127813093734719,-0.100194150441596,-0.0919894366158237,0.00588943066882767,21758458,0.11560157383168,119
"Tyrannus melancholicus",-0.0285335007137462,-0.0285335007137464,-0.0285335007137464,-0.0285335007137464,-0.0285335007137462,-0.0468166412066735,-0.0468166412066737,-0.0468166412066735,-0.00248262658986476,-0.00248262658986464,0.0418513880269444,0.0418513880269442,0.0418513880269442,0.0418513880269444,0.0418513880269442,0.0418513880269444,0.041851388026944,0.194625063131146,0.0418513880269442,0.0418513880269444,0.0418513880269442,NA,NA,NA,-1,34891935,0.194625063131146,37.4
"Tyrannus savana",-0.0735953570589188,-0.073595357058919,-0.0735953570589188,-0.073595357058919,-0.0735953570589188,0.0851937464544563,0.0851937464544562,0.0851937464544562,0.0851937464544563,0.0851937464544561,NA,NA,NA,NA,NA,NA,-0.0669467896306133,-0.065166884247503,0.176091259055681,-0.176091259055681,NA,NA,NA,NA,NA,22726220,0.176091259055681,31.9
"Vanellus chilensis",0.148072537898849,0.148072537898849,0.148072537898849,0.148072537898849,0.148072537898849,0.016980221107008,0.0169802211070083,0.0169802211070083,0.016980221107008,0.0186401133252825,0.487271257476422,0.0203000054553716,0.0203000053752936,0.0203000052774717,0.0203000051655622,0.0203000050508241,0.0203000049557571,0.0251041411971626,NA,NA,NA,NA,NA,0.0901766303490878,0.0263289387223491,29271056,0.487271257476422,327
"Vanellus miles",0.0410717385324794,0.0580937525026588,0.0360753762776603,-0.00423175839155372,-0.0351687410772891,-0.0462873605682147,-0.0454998979551509,-0.0439595412789068,-0.0457668694977951,-0.0492733586783758,-0.0513029649149591,-0.0485735605599758,-0.039283080493956,0.0482695080220314,-0.00890693863778846,0.0364566406117609,-0.0545205177388503,0.0392814750248394,0.0896211905493465,0.0107271625910881,-0.0615562964998454,0.0445781240296301,0.0445781240295635,0.0445781240294856,NA,12646326,0.0896211905493465,387
"Vanellus vanellus",0.0573603403367072,0.0411475937821104,-0.0408481568165718,0.0288322455777867,0.0396031789524671,0.0160787327292778,0.0254196736662296,0.0217294650802514,-0.0308478702058228,-0.035666475212737,-0.0118881778338093,0.00137026295332933,-0.0304426911403136,-0.0464182756917581,0.0281949734840197,-0.031911860784243,-0.00388384147038481,-0.00685336429280833,-0.0125296428989589,-0.0106820292538768,-0.0166889114447266,0.0118281346610115,0.0114345961515416,0.00819416660827144,0.00649051923977217,43487298,0.0573603403367072,218.5
"Vireo gilvus",0.00458517377176685,0.00475709579773581,0.0046595755633177,0.00552125719119435,0.00625303224044601,0.0296396890850092,0.00622320335232483,0.00500856921102558,0.00351716741843456,0.00227706992259481,0.0017621121823528,0.00217318496931777,0.00324104881204982,0.00429501199194348,0.00473106855246413,0.00452285610343663,0.00419171911181247,0.00419429250715206,0.00443393435116279,0.00451365861064412,0.00440470365270189,0.00462184123270092,0.00561663275177896,0.00715046938210041,0.00847419988546105,35629640,0.0296396890850092,12.7
"Vireo olivaceus",0.000147480652860314,-0.0354094857120366,0.00305094937847387,0.00259020116148959,0.00252754966138218,0.00187005338996285,0.00232888371581234,0.0037170196813018,0.00294012880637119,0.0053661625698436,0.00534517130522354,0.00676808602505772,0.00701100710251925,0.00156991101448381,0.00385099852564769,0.00203446118728659,0.00631809221489088,0.00439446388696211,0.00552637744177495,0.00329190408874083,0.00335355451696639,0.00556715741594775,0.00932169513582318,0.0035547851887456,0.00535047448847689,137406741,0.00932169513582318,16.2
"Vireo philadelphicus",-0.00220604497371397,0.00103054555778871,0.00458294050723067,0.00750621438741442,0.00873870635253845,0.0080376145732118,0.00708381491670866,0.00736088445515328,0.00756443320052459,0.00556440306596217,0.00235465555720669,0.00100535597922347,0.00173656603441438,0.00163557823052778,0.000144272606992025,0.0007679718112999,0.00488516449838397,0.00760304239444077,0.00395784444158258,-0.00306102792470295,-0.00567566040550067,-0.00171174999516889,0.00346190787648231,0.00592033972720958,0.00837377537830035,8821159,0.00873870635253845,11.5
"Vireo solitarius",0.0132664435502079,0.0135482147375986,0.0142490367369377,0.0117863515690139,0.0146029032168895,0.012927814769873,0.0133559756506473,0.0157369182196301,0.00863750483802915,0.0138832985473107,0.0177988105243296,0.0176101613311622,0.0180593078098668,0.0189930651800921,0.0171362430456052,0.0199422857174451,0.0170621447384591,0.0145767801192117,0.0119481977188318,0.00746074444896333,0.0101882063953906,0.010967433355552,0.00708300369489898,0.00655324764101093,0.0231906367082198,11956970,0.0231906367082198,15.3
"Xanthocephalus xanthocephalus",-0.00138992696446282,-0.00121258368887468,-0.00190798463656011,-0.00344840311755228,-0.00500487088660221,7.38151919140451e-05,-0.0107922733137872,-0.0117126073227497,-0.0126781709276546,-0.0133048433115122,-0.0134326939235742,-0.0130541821849852,-0.0119971532226481,-0.0101334740615173,-0.00778642638898484,-0.00556935838945387,-0.00385626120309628,-0.00265766028083515,-0.00191043857022972,-0.0015587934330249,-0.0013577134910583,-0.000921052905968955,-9.01865056700257e-05,0.000902859022493787,0.00169930207056157,12529921,0.00169930207056157,64.5
"Xema sabini",0.196066603670727,0.177395848842815,0.143861862410236,0.100684353922053,0.0549136554856395,-0.33375801266997,0.0257060703110269,-0.0408838511442134,0.0250516379714741,-0.133537217394189,-0.020103987320701,-0.0186250291046386,-0.018838036437191,-0.0203818024429026,-0.0345759085307301,-0.0356900275081162,-0.109260806826066,-0.247450414075543,0.508113488214652,0.506459768726595,-0.188539188689561,0.0370169114657541,0.0917703733556454,0.290564561985816,0.030668819766452,58058380,0.508113488214652,198
"Zenaida macroura",0.0149068998658188,0.017178548416718,0.017764983499815,0.0161921659716153,0.0133634626964212,0.0103421752416583,0.0161074798081102,0.0176227340921643,0.0205624138537276,0.0230800140912302,0.0234320078538065,0.0209680355455142,0.0164932636110282,0.0114216706169296,0.00664069386961527,0.00252079888971632,-0.000239504684445382,-0.000711359604186144,0.000887254101952647,0.00260975038281037,0.00244952187715828,0.000483747374810695,-0.00132955369336498,-0.00149794164977575,-0.000444502116949558,239547974,0.0234320078538065,123
"Zonotrichia albicollis",-0.0117552933967992,0.00508965176116397,0.0211760618037013,0.0244436462474754,0.0123524962197961,-0.00415383739374402,-0.010564554676248,-0.00250187581299208,0.010541833791131,0.0142091099989112,0.00230206243431215,-0.0171504483664149,-0.0280300547775523,-0.0201829476000783,0.000936133935632707,0.0192147344843092,0.0231494655926919,0.0150420837855621,0.00469821925266266,-0.0027466382644245,-0.00929311075980687,-0.0162729783481528,-0.0196440176631176,-0.0151467044030759,-0.00472721935836901,217096172,0.0244436462474754,24.4
"Zonotrichia atricapilla",-0.0108795933780601,-0.0108795933780461,-0.0108795933780333,-0.0108795933780215,-0.0108795933780113,-0.0108795933780117,-0.0108795933780329,-0.0108795933780739,-0.0108795933781166,-0.010879593378143,-0.010879593378145,-0.0108795933781246,-0.0108795933780821,-0.0108795933780158,-0.0108795933779284,-0.0108795933778307,-0.0108795933777339,-0.0108795933776422,-0.0108795933775503,-0.0108795933774571,-0.0108795933773634,-0.0108795933772733,-0.0108795933771918,-0.0108795933771263,-0.0108795933770843,34418288,-0.0108795933770843,32
"Zonotrichia capensis",0.02498774732166,0.02498774732166,0.02498774732166,0.02498774732166,0.02498774732166,-0.0580612260544415,-0.0580612260544415,-0.0580612260544418,-0.0580612260544418,-0.0580612260544415,NA,NA,NA,NA,NA,NA,NA,0.335792101923193,NA,NA,NA,NA,-0.176091259055681,NA,-0.301029995663981,32377124,0.335792101923193,20.3
"Zonotrichia leucophrys",-0.00847942228538914,-0.00923565045600621,-0.0096921880012346,0.00685225901625528,-0.0042302285316341,-0.00316426102675782,-0.00307008118297637,-0.00386684650088432,-0.00481942691780697,-0.0053956264412755,-0.00556435551965103,-0.00524246610304167,-0.00389920530352218,-0.00117922490300266,0.00210724935655567,0.00403680376593478,0.00289550851456952,-0.00153329875021174,-0.00781999083897288,-0.0135987460452874,-0.0164587921616874,-0.0150589789902571,-0.0103509416192543,-0.00555373501624325,-0.00382506142943574,98005211,0.00685225901625528,28.1
"Zosterops japonicus",0.0326207827516212,0.0555428138612946,0.0805486659809384,0.110481708353516,0.0539009287665496,0.341849638833074,0.00364925465586831,-0.00017602099754388,-0.0491608512364476,-0.0491163356809025,-0.0407244131528077,-0.0443193724104971,-0.0517131564193183,-0.0466358387933454,-0.0279108483355954,-0.0113723714882059,NA,NA,NA,NA,NA,NA,NA,NA,NA,21443241,0.341849638833074,11.5
